card_id,implementation,hooks,source_kind,upstream_repositories,upstream_match_count,verification_status
BAR_035t,legacy_compatibility,,local_legacy,RosettaStone,5,regression_suite_only
BOT_102t,legacy_compatibility,,local_legacy,"RosettaStone,fireplace",5,regression_suite_only
CAP_004,declarative,deathrattle,local_spec,,0,focused_test_and_regression
CAP_102,declarative,spell,upstream_adapted,,0,focused_test_and_regression
CAP_104,legacy_compatibility,,local_legacy,,0,regression_suite_only
CAP_105,legacy_compatibility,,local_legacy,,0,regression_suite_only
CAP_105t,legacy_compatibility,,local_legacy,,0,regression_suite_only
CAP_106,declarative,battlecry,local_spec,,0,focused_test_and_regression
CAP_107,declarative,battlecry,local_spec,,0,focused_test_and_regression
CAP_107t,legacy_compatibility,,local_legacy,,0,regression_suite_only
CAP_400t2t,legacy_compatibility,,local_legacy,,0,regression_suite_only
CAP_404,declarative,spell,powerlog_verified,,0,focused_test_and_regression
CAP_405t4,declarative,spell,upstream_adapted,,0,focused_test_and_regression
CAP_800,legacy_compatibility,,local_legacy,,0,regression_suite_only
CAP_801,declarative,spell,upstream_adapted,,0,focused_test_and_regression
CAP_802t,legacy_compatibility,,local_legacy,,0,regression_suite_only
CAP_805e,legacy_compatibility,,local_legacy,,0,regression_suite_only
CATA_111,legacy_compatibility,,local_legacy,,0,regression_suite_only
CATA_130,legacy_compatibility,,local_legacy,,0,regression_suite_only
CATA_131,declarative,battlecry,powerlog_verified,,0,focused_test_and_regression
CATA_132t,legacy_compatibility,,local_legacy,,0,regression_suite_only
CATA_134,declarative,spell,upstream_adapted,,0,focused_test_and_regression
CATA_134t,declarative,spell,upstream_adapted,,0,focused_test_and_regression
CATA_134t2,declarative,spell,upstream_adapted,,0,focused_test_and_regression
CATA_134t3,legacy_compatibility,,local_legacy,,0,regression_suite_only
CATA_135,declarative,spell,upstream_adapted,,0,focused_test_and_regression
CATA_135t,legacy_compatibility,,local_legacy,,0,regression_suite_only
CATA_138,declarative,spell,powerlog_verified,,0,focused_test_and_regression
CATA_139,legacy_compatibility,,local_legacy,,0,regression_suite_only
CATA_139t,declarative,end_turn,official_text_and_engine_verified,,0,focused_test_and_regression
CATA_139t2,declarative,end_turn,official_text_and_engine_verified,,0,focused_test_and_regression
CATA_139t3,declarative,end_turn,official_text_and_engine_verified,,0,focused_test_and_regression
CATA_139t4,declarative,end_turn,official_text_and_engine_verified,,0,focused_test_and_regression
CATA_140,legacy_compatibility,,local_legacy,,0,regression_suite_only
CATA_150,legacy_compatibility,,local_legacy,,0,regression_suite_only
CATA_151,legacy_compatibility,,local_legacy,,0,regression_suite_only
CATA_151e,legacy_compatibility,,local_legacy,,0,regression_suite_only
CATA_151t,legacy_compatibility,,local_legacy,,0,regression_suite_only
CATA_155,legacy_compatibility,,local_legacy,,0,regression_suite_only
CATA_155t,legacy_compatibility,,local_legacy,,0,regression_suite_only
CATA_155t1,legacy_compatibility,,local_legacy,,0,regression_suite_only
CATA_156,declarative,spell,upstream_adapted,,0,focused_test_and_regression
CATA_160,legacy_compatibility,,local_legacy,,0,regression_suite_only
CATA_190h,legacy_compatibility,,local_legacy,,0,regression_suite_only
CATA_190p,declarative,hero_power,powerlog_verified,,0,focused_test_and_regression
CATA_190t10,legacy_compatibility,,local_legacy,,0,regression_suite_only
CATA_190t11,legacy_compatibility,,local_legacy,,0,regression_suite_only
CATA_190t12,legacy_compatibility,,local_legacy,,0,regression_suite_only
CATA_190t13,legacy_compatibility,,local_legacy,,0,regression_suite_only
CATA_190t14,legacy_compatibility,,local_legacy,,0,regression_suite_only
CATA_200,legacy_compatibility,,local_legacy,,0,regression_suite_only
CATA_202,declarative,spell,upstream_adapted,,0,focused_test_and_regression
CATA_203,declarative,spell,upstream_adapted,,0,focused_test_and_regression
CATA_210,legacy_compatibility,,local_legacy,,0,regression_suite_only
CATA_210t,legacy_compatibility,,local_legacy,,0,regression_suite_only
CATA_215,declarative,spell,upstream_adapted,,0,focused_test_and_regression
CATA_302,declarative,spell,powerlog_verified,,0,focused_test_and_regression
CATA_303,declarative,spell,official_text_and_engine_verified,,0,focused_test_and_regression
CATA_306,declarative,spell,upstream_adapted,,0,focused_test_and_regression
CATA_306t1,declarative,spell,upstream_adapted,,0,focused_test_and_regression
CATA_306t2,declarative,spell,upstream_adapted,,0,focused_test_and_regression
CATA_308,declarative,spell,powerlog_verified,,0,focused_test_and_regression
CATA_452t,legacy_compatibility,,local_legacy,,0,regression_suite_only
CATA_464,legacy_compatibility,,local_legacy,,0,regression_suite_only
CATA_465t,legacy_compatibility,,local_legacy,,0,regression_suite_only
CATA_469,legacy_compatibility,,local_legacy,,0,regression_suite_only
CATA_470t1,legacy_compatibility,,local_legacy,,0,regression_suite_only
CATA_476,legacy_compatibility,,local_legacy,,0,regression_suite_only
CATA_476t,legacy_compatibility,,local_legacy,,0,regression_suite_only
CATA_478t,legacy_compatibility,,local_legacy,,0,regression_suite_only
CATA_479,declarative,spell,upstream_adapted,,0,focused_test_and_regression
CATA_479t,declarative,spell,upstream_adapted,,0,focused_test_and_regression
CATA_479t2,declarative,spell,upstream_adapted,,0,focused_test_and_regression
CATA_479t3,legacy_compatibility,,local_legacy,,0,regression_suite_only
CATA_484,legacy_compatibility,,local_legacy,,0,regression_suite_only
CATA_485,declarative,spell,upstream_adapted,,0,focused_test_and_regression
CATA_489,declarative,spell,upstream_adapted,,0,focused_test_and_regression
CATA_489t,declarative,spell,upstream_adapted,,0,focused_test_and_regression
CATA_489t2,declarative,spell,upstream_adapted,,0,focused_test_and_regression
CATA_490,legacy_compatibility,,local_legacy,,0,regression_suite_only
CATA_491,declarative,spell,upstream_adapted,,0,focused_test_and_regression
CATA_492,declarative,location,powerlog_verified,,0,focused_test_and_regression
CATA_496,declarative,spell,powerlog_verified,,0,focused_test_and_regression
CATA_497,legacy_compatibility,,local_legacy,,0,regression_suite_only
CATA_526,declarative,spell,upstream_adapted,,0,focused_test_and_regression
CATA_528t,legacy_compatibility,,local_legacy,,0,regression_suite_only
CATA_530e,legacy_compatibility,,local_legacy,,0,regression_suite_only
CATA_550,legacy_compatibility,,local_legacy,,0,regression_suite_only
CATA_551t,legacy_compatibility,,local_legacy,,0,regression_suite_only
CATA_553e2,legacy_compatibility,,local_legacy,,0,regression_suite_only
CATA_554,declarative,spell,upstream_adapted,,0,focused_test_and_regression
CATA_556,legacy_special_case,,local_spec,,0,focused_test_and_regression
CATA_557,declarative,spell,upstream_adapted,,0,focused_test_and_regression
CATA_558,legacy_compatibility,,local_legacy,,0,regression_suite_only
CATA_561t,legacy_compatibility,,local_legacy,,0,regression_suite_only
CATA_581,declarative,spell,official_text_and_engine_verified,,0,focused_test_and_regression
CATA_582,declarative,spell,upstream_adapted,,0,focused_test_and_regression
CATA_584,legacy_compatibility,,local_legacy,,0,regression_suite_only
CATA_585,declarative,spell,upstream_adapted,,0,focused_test_and_regression
CATA_586,legacy_compatibility,,local_legacy,,0,regression_suite_only
CATA_591,declarative,battlecry,local_spec,,0,focused_test_and_regression
CATA_612,legacy_compatibility,,local_legacy,,0,regression_suite_only
CATA_613,legacy_compatibility,,local_legacy,,0,regression_suite_only
CATA_615,legacy_compatibility,,local_legacy,,0,regression_suite_only
CATA_615t,declarative,battlecry,local_spec,,0,focused_test_and_regression
CATA_720,legacy_compatibility,,local_legacy,,0,regression_suite_only
CATA_722,legacy_compatibility,,local_legacy,,0,regression_suite_only
CATA_725,declarative,"battlecry,deathrattle",powerlog_verified,,0,focused_test_and_regression
CATA_820,declarative,spell,upstream_adapted,,0,focused_test_and_regression
CATA_820t,declarative,spell,upstream_adapted,,0,focused_test_and_regression
CATA_820t2,declarative,spell,upstream_adapted,,0,focused_test_and_regression
CATA_898,legacy_compatibility,,local_legacy,,0,regression_suite_only
CATA_999,legacy_compatibility,,local_legacy,,0,regression_suite_only
CORE_AT_037,declarative,spell,upstream_adapted,"RosettaStone,fireplace",19,focused_test_and_regression
CORE_AT_055,declarative,spell,upstream_adapted,"RosettaStone,fireplace",5,focused_test_and_regression
CORE_AT_064,declarative,spell,upstream_adapted,"RosettaStone,fireplace",5,focused_test_and_regression
CORE_AT_123,legacy_compatibility,,local_legacy,"RosettaStone,fireplace",2,regression_suite_only
CORE_BAR_311,declarative,spell,upstream_adapted,RosettaStone,2,focused_test_and_regression
CORE_BAR_541,declarative,spell,upstream_adapted,RosettaStone,2,focused_test_and_regression
CORE_BAR_801,declarative,spell,upstream_adapted,RosettaStone,2,focused_test_and_regression
CORE_BOT_222,declarative,spell,upstream_adapted,"RosettaStone,fireplace",2,focused_test_and_regression
CORE_BOT_451,declarative,spell,upstream_adapted,"RosettaStone,fireplace",2,focused_test_and_regression
CORE_BRM_013,declarative,spell,upstream_adapted,"RosettaStone,fireplace",5,focused_test_and_regression
CORE_BT_035,declarative,spell,upstream_adapted,"RosettaStone,fireplace",12,focused_test_and_regression
CORE_BT_072,declarative,spell,upstream_adapted,"RosettaStone,fireplace",3,focused_test_and_regression
CORE_BT_120,legacy_compatibility,,local_legacy,"RosettaStone,fireplace",3,regression_suite_only
CORE_BT_156,legacy_compatibility,,local_legacy,"RosettaStone,fireplace",3,regression_suite_only
CORE_BT_187,legacy_compatibility,,local_legacy,"RosettaStone,fireplace",4,regression_suite_only
CORE_BT_201,legacy_compatibility,,local_legacy,"RosettaStone,fireplace",2,regression_suite_only
CORE_BT_292,declarative,spell,upstream_adapted,"RosettaStone,fireplace",9,focused_test_and_regression
CORE_BT_351,legacy_compatibility,,local_legacy,"RosettaStone,fireplace",11,regression_suite_only
CORE_BT_480,legacy_compatibility,,local_legacy,"RosettaStone,fireplace",5,regression_suite_only
CORE_BT_491,declarative,spell,upstream_adapted,"RosettaStone,fireplace",5,focused_test_and_regression
CORE_BT_493,legacy_compatibility,,local_legacy,"RosettaStone,fireplace",3,regression_suite_only
CORE_BT_510,legacy_compatibility,,local_legacy,"RosettaStone,fireplace",3,regression_suite_only
CORE_BT_701,legacy_compatibility,,local_legacy,RosettaStone,2,regression_suite_only
CORE_BT_801,declarative,spell,upstream_adapted,"RosettaStone,fireplace",5,focused_test_and_regression
CORE_BT_921,legacy_compatibility,,local_legacy,RosettaStone,4,regression_suite_only
CORE_CATA_001,legacy_compatibility,,local_legacy,,0,regression_suite_only
CORE_CATA_007,declarative,spell,upstream_adapted,,0,focused_test_and_regression
CORE_CATA_009,declarative,spell,upstream_adapted,,0,focused_test_and_regression
CORE_CFM_344,legacy_compatibility,,local_legacy,"RosettaStone,fireplace",2,regression_suite_only
CORE_CFM_604,declarative,spell,upstream_adapted,"RosettaStone,fireplace",3,focused_test_and_regression
CORE_CS1_112,declarative,spell,upstream_adapted,"RosettaStone,fireplace",6,focused_test_and_regression
CORE_CS1_130,declarative,spell,upstream_adapted,"RosettaStone,fireplace",5,focused_test_and_regression
CORE_CS2_004,declarative,spell,upstream_adapted,"RosettaStone,fireplace",12,focused_test_and_regression
CORE_CS2_009,declarative,spell,upstream_adapted,"RosettaStone,fireplace",13,focused_test_and_regression
CORE_CS2_013,declarative,spell,upstream_adapted,"RosettaStone,fireplace",15,focused_test_and_regression
CORE_CS2_023,declarative,spell,upstream_adapted,"RosettaStone,fireplace",6,focused_test_and_regression
CORE_CS2_024,declarative,spell,upstream_adapted,"RosettaStone,fireplace",4,focused_test_and_regression
CORE_CS2_028,declarative,spell,upstream_adapted,"RosettaStone,fireplace",6,focused_test_and_regression
CORE_CS2_029,declarative,spell,upstream_adapted,"RosettaStone,fireplace",8,focused_test_and_regression
CORE_CS2_032,declarative,spell,upstream_adapted,"RosettaStone,fireplace",6,focused_test_and_regression
CORE_CS2_033,legacy_compatibility,,local_legacy,"RosettaStone,fireplace",7,regression_suite_only
CORE_CS2_053,declarative,spell,upstream_adapted,"RosettaStone,fireplace",12,focused_test_and_regression
CORE_CS2_062,declarative,spell,upstream_adapted,"RosettaStone,fireplace",6,focused_test_and_regression
CORE_CS2_065,legacy_compatibility,,local_legacy,"RosettaStone,fireplace",7,regression_suite_only
CORE_CS2_072,declarative,spell,upstream_adapted,"RosettaStone,fireplace",6,focused_test_and_regression
CORE_CS2_074,declarative,spell,upstream_adapted,"RosettaStone,fireplace",14,focused_test_and_regression
CORE_CS2_075,declarative,spell,upstream_adapted,"RosettaStone,fireplace",6,focused_test_and_regression
CORE_CS2_076,declarative,spell,upstream_adapted,"RosettaStone,fireplace",6,focused_test_and_regression
CORE_CS2_077,declarative,spell,upstream_adapted,"RosettaStone,fireplace",6,focused_test_and_regression
CORE_CS2_089,declarative,spell,upstream_adapted,"RosettaStone,fireplace",4,focused_test_and_regression
CORE_CS2_093,declarative,spell,upstream_adapted,"RosettaStone,fireplace",6,focused_test_and_regression
CORE_CS2_094,declarative,spell,upstream_adapted,"RosettaStone,fireplace",4,focused_test_and_regression
CORE_CS2_108,declarative,spell,upstream_adapted,"RosettaStone,fireplace",6,focused_test_and_regression
CORE_CS2_120,legacy_compatibility,,local_legacy,RosettaStone,2,regression_suite_only
CORE_CS2_122,legacy_compatibility,,local_legacy,"RosettaStone,fireplace",13,regression_suite_only
CORE_CS2_179,legacy_compatibility,,local_legacy,"RosettaStone,fireplace",7,regression_suite_only
CORE_CS2_182,legacy_compatibility,,local_legacy,RosettaStone,4,regression_suite_only
CORE_CS2_188,legacy_compatibility,,local_legacy,"RosettaStone,fireplace",13,regression_suite_only
CORE_CS2_189,legacy_compatibility,,local_legacy,"RosettaStone,fireplace",5,regression_suite_only
CORE_CS2_222,legacy_compatibility,,local_legacy,"RosettaStone,fireplace",12,regression_suite_only
CORE_CS2_231,legacy_compatibility,,local_legacy,"RosettaStone,fireplace",4,regression_suite_only
CORE_DRG_024,legacy_compatibility,,local_legacy,"RosettaStone,fireplace",3,regression_suite_only
CORE_DRG_079,legacy_compatibility,,local_legacy,RosettaStone,2,regression_suite_only
CORE_DRG_107,declarative,deathrattle,upstream_adapted,"RosettaStone,fireplace",3,focused_test_and_regression
CORE_DRG_256,legacy_compatibility,,local_legacy,"RosettaStone,fireplace",3,regression_suite_only
CORE_DS1_184,declarative,spell,upstream_adapted,"RosettaStone,fireplace",6,focused_test_and_regression
CORE_DS1_185,declarative,spell,upstream_adapted,"RosettaStone,fireplace",6,focused_test_and_regression
CORE_EDR_002,declarative,spell,upstream_adapted,,0,focused_test_and_regression
CORE_EDR_002e,legacy_compatibility,,local_legacy,,0,regression_suite_only
CORE_EDR_003,legacy_compatibility,,local_legacy,,0,regression_suite_only
CORE_EX1_002,legacy_compatibility,,local_legacy,"RosettaStone,fireplace",4,regression_suite_only
CORE_EX1_007,legacy_compatibility,,local_legacy,"RosettaStone,fireplace",5,regression_suite_only
CORE_EX1_010,legacy_compatibility,,local_legacy,RosettaStone,4,regression_suite_only
CORE_EX1_011,legacy_compatibility,,local_legacy,"RosettaStone,fireplace",5,regression_suite_only
CORE_EX1_012,declarative,deathrattle,upstream_adapted,"RosettaStone,fireplace",6,focused_test_and_regression
CORE_EX1_014,declarative,battlecry,upstream_adapted,"RosettaStone,fireplace",4,focused_test_and_regression
CORE_EX1_028,legacy_compatibility,,local_legacy,RosettaStone,4,regression_suite_only
CORE_EX1_043,legacy_compatibility,,local_legacy,"RosettaStone,fireplace",13,regression_suite_only
CORE_EX1_096,declarative,deathrattle,upstream_adapted,"RosettaStone,fireplace",5,focused_test_and_regression
CORE_EX1_100,legacy_compatibility,,local_legacy,"RosettaStone,fireplace",4,regression_suite_only
CORE_EX1_110,declarative,deathrattle,upstream_adapted,"RosettaStone,fireplace",8,focused_test_and_regression
CORE_EX1_129,declarative,spell,upstream_adapted,"RosettaStone,fireplace",4,focused_test_and_regression
CORE_EX1_130,declarative,spell,upstream_adapted,"RosettaStone,fireplace",10,focused_test_and_regression
CORE_EX1_145,declarative,spell,upstream_adapted,"RosettaStone,fireplace",11,focused_test_and_regression
CORE_EX1_154,declarative,spell,upstream_adapted,"RosettaStone,fireplace",15,focused_test_and_regression
CORE_EX1_160,declarative,spell,upstream_adapted,"RosettaStone,fireplace",23,focused_test_and_regression
CORE_EX1_162,legacy_compatibility,,local_legacy,"RosettaStone,fireplace",13,regression_suite_only
CORE_EX1_164,declarative,spell,upstream_adapted,"RosettaStone,fireplace",15,focused_test_and_regression
CORE_EX1_169,declarative,spell,upstream_adapted,"RosettaStone,fireplace",5,focused_test_and_regression
CORE_EX1_193,legacy_compatibility,,local_legacy,"RosettaStone,fireplace",5,regression_suite_only
CORE_EX1_197,declarative,spell,upstream_adapted,"RosettaStone,fireplace",5,focused_test_and_regression
CORE_EX1_238,declarative,spell,upstream_adapted,"RosettaStone,fireplace",6,focused_test_and_regression
CORE_EX1_246,declarative,spell,upstream_adapted,"RosettaStone,fireplace",6,focused_test_and_regression
CORE_EX1_259,declarative,spell,upstream_adapted,"RosettaStone,fireplace",6,focused_test_and_regression
CORE_EX1_277,legacy_compatibility,,local_legacy,"RosettaStone,fireplace",7,regression_suite_only
CORE_EX1_278,declarative,spell,upstream_adapted,"RosettaStone,fireplace",3,focused_test_and_regression
CORE_EX1_284,declarative,battlecry,upstream_adapted,"RosettaStone,fireplace",5,focused_test_and_regression
CORE_EX1_287,declarative,spell,upstream_adapted,"RosettaStone,fireplace",5,focused_test_and_regression
CORE_EX1_289,declarative,spell,upstream_adapted,"RosettaStone,fireplace",5,focused_test_and_regression
CORE_EX1_294,declarative,spell,upstream_adapted,"RosettaStone,fireplace",3,focused_test_and_regression
CORE_EX1_302,declarative,spell,upstream_adapted,"RosettaStone,fireplace",6,focused_test_and_regression
CORE_EX1_309,declarative,spell,upstream_adapted,"RosettaStone,fireplace",6,focused_test_and_regression
CORE_EX1_310,legacy_compatibility,,local_legacy,"RosettaStone,fireplace",3,regression_suite_only
CORE_EX1_312,declarative,spell,upstream_adapted,"RosettaStone,fireplace",6,focused_test_and_regression
CORE_EX1_319,declarative,battlecry,upstream_adapted,"RosettaStone,fireplace",6,focused_test_and_regression
CORE_EX1_391,declarative,spell,upstream_adapted,"RosettaStone,fireplace",5,focused_test_and_regression
CORE_EX1_414,legacy_compatibility,,local_legacy,"RosettaStone,fireplace",13,regression_suite_only
CORE_EX1_506a,legacy_compatibility,,local_legacy,"RosettaStone,fireplace",9,regression_suite_only
CORE_EX1_507,legacy_compatibility,,local_legacy,"RosettaStone,fireplace",13,regression_suite_only
CORE_EX1_509,legacy_compatibility,,local_legacy,"RosettaStone,fireplace",12,regression_suite_only
CORE_EX1_554,declarative,spell,upstream_adapted,"RosettaStone,fireplace",11,focused_test_and_regression
CORE_EX1_604,legacy_compatibility,,local_legacy,"RosettaStone,fireplace",12,regression_suite_only
CORE_EX1_606,declarative,spell,upstream_adapted,"RosettaStone,fireplace",6,focused_test_and_regression
CORE_EX1_610,declarative,spell,official_text_and_engine_verified,"RosettaStone,fireplace",5,focused_test_and_regression
CORE_EX1_611,declarative,spell,upstream_adapted,"RosettaStone,fireplace",7,focused_test_and_regression
CORE_EX1_619,declarative,spell,upstream_adapted,"RosettaStone,fireplace",13,focused_test_and_regression
CORE_FP1_020,declarative,spell,upstream_adapted,"RosettaStone,fireplace",12,focused_test_and_regression
CORE_GIL_191t,legacy_compatibility,,local_legacy,"RosettaStone,fireplace",7,regression_suite_only
CORE_GIL_558,legacy_compatibility,,local_legacy,RosettaStone,1,regression_suite_only
CORE_GIL_622,declarative,battlecry,upstream_adapted,"RosettaStone,fireplace",5,focused_test_and_regression
CORE_GVG_044,legacy_compatibility,,local_legacy,RosettaStone,2,regression_suite_only
CORE_GVG_085,legacy_compatibility,,local_legacy,RosettaStone,4,regression_suite_only
CORE_GVG_103,legacy_compatibility,,local_legacy,"RosettaStone,fireplace",2,regression_suite_only
CORE_ICC_038,legacy_compatibility,,local_legacy,RosettaStone,4,regression_suite_only
CORE_ICC_055,declarative,spell,upstream_adapted,"RosettaStone,fireplace",5,focused_test_and_regression
CORE_KAR_061,legacy_compatibility,,local_legacy,"RosettaStone,fireplace",3,regression_suite_only
CORE_KAR_069,legacy_compatibility,,local_legacy,"RosettaStone,fireplace",5,regression_suite_only
CORE_KAR_077,declarative,spell,upstream_adapted,"RosettaStone,fireplace",10,focused_test_and_regression
CORE_LOOT_013,declarative,battlecry,upstream_adapted,"RosettaStone,fireplace",2,focused_test_and_regression
CORE_LOOT_101,declarative,spell,upstream_adapted,"RosettaStone,fireplace",5,focused_test_and_regression
CORE_LOOT_137,legacy_compatibility,,local_legacy,RosettaStone,4,regression_suite_only
CORE_LOOT_368,declarative,deathrattle,upstream_adapted,"RosettaStone,fireplace",2,focused_test_and_regression
CORE_NEW1_018,legacy_compatibility,,local_legacy,"RosettaStone,fireplace",11,regression_suite_only
CORE_NEW1_022,legacy_compatibility,,local_legacy,"RosettaStone,fireplace",4,regression_suite_only
CORE_NEW1_023,legacy_compatibility,,local_legacy,RosettaStone,4,regression_suite_only
CORE_NEW1_027,legacy_compatibility,,local_legacy,"RosettaStone,fireplace",13,regression_suite_only
CORE_NX2_028,legacy_compatibility,,local_legacy,,0,regression_suite_only
CORE_OG_047,declarative,spell,upstream_adapted,"RosettaStone,fireplace",21,focused_test_and_regression
CORE_OG_149,legacy_compatibility,,local_legacy,"RosettaStone,fireplace",2,regression_suite_only
CORE_OG_218,legacy_compatibility,,local_legacy,"RosettaStone,fireplace",12,regression_suite_only
CORE_REV_946,legacy_compatibility,,local_legacy,RosettaStone,1,regression_suite_only
CORE_REV_990,legacy_compatibility,,local_legacy,RosettaStone,2,regression_suite_only
CORE_RLK_063,declarative,spell,upstream_adapted,,0,focused_test_and_regression
CORE_RLK_121,legacy_compatibility,,local_legacy,,0,regression_suite_only
CORE_RLK_814,legacy_compatibility,,local_legacy,,0,regression_suite_only
CORE_SCH_717,legacy_compatibility,,local_legacy,RosettaStone,2,regression_suite_only
CORE_SW_066,legacy_compatibility,,local_legacy,RosettaStone,2,regression_suite_only
CORE_SW_068,declarative,deathrattle,upstream_adapted,RosettaStone,2,focused_test_and_regression
CORE_SW_072,declarative,battlecry,upstream_adapted,RosettaStone,2,focused_test_and_regression
CORE_SW_108,declarative,spell,upstream_adapted,RosettaStone,2,focused_test_and_regression
CORE_SW_439,legacy_compatibility,,local_legacy,RosettaStone,9,regression_suite_only
CORE_TRL_307,declarative,spell,upstream_adapted,"RosettaStone,fireplace",5,focused_test_and_regression
CORE_TTN_843,legacy_compatibility,,local_legacy,,0,regression_suite_only
CORE_TTN_866,legacy_compatibility,,local_legacy,,0,regression_suite_only
CORE_ULD_165,legacy_compatibility,,local_legacy,"RosettaStone,fireplace",3,regression_suite_only
CORE_ULD_191,legacy_compatibility,,local_legacy,"RosettaStone,fireplace",12,regression_suite_only
CORE_ULD_723,legacy_compatibility,,local_legacy,RosettaStone,2,regression_suite_only
CORE_UNG_084,declarative,battlecry,upstream_adapted,"RosettaStone,fireplace",2,focused_test_and_regression
CORE_UNG_205,legacy_compatibility,,local_legacy,"RosettaStone,fireplace",2,regression_suite_only
CORE_UNG_809,legacy_compatibility,,local_legacy,"RosettaStone,fireplace",9,regression_suite_only
CORE_UNG_848,legacy_compatibility,,local_legacy,"RosettaStone,fireplace",5,regression_suite_only
CORE_UNG_912,legacy_compatibility,,local_legacy,"RosettaStone,fireplace",3,regression_suite_only
CORE_WC_042,legacy_compatibility,,local_legacy,RosettaStone,6,regression_suite_only
CORE_WON_337,declarative,spell,upstream_adapted,,0,focused_test_and_regression
CORE_WON_351,legacy_compatibility,,local_legacy,,0,regression_suite_only
CORE_WW_329,declarative,battlecry,upstream_adapted,,0,focused_test_and_regression
CORE_YOD_026,legacy_compatibility,,local_legacy,"RosettaStone,fireplace",5,regression_suite_only
CORE_YOP_034,legacy_compatibility,,local_legacy,RosettaStone,2,regression_suite_only
CS3_002t,legacy_compatibility,,local_legacy,RosettaStone,3,regression_suite_only
CS3_007,legacy_compatibility,,local_legacy,RosettaStone,2,regression_suite_only
CS3_020,legacy_compatibility,,local_legacy,RosettaStone,2,regression_suite_only
CS3_022,legacy_compatibility,,local_legacy,RosettaStone,2,regression_suite_only
CS3_024,legacy_compatibility,,local_legacy,RosettaStone,2,regression_suite_only
CS3_025,legacy_compatibility,,local_legacy,RosettaStone,6,regression_suite_only
CS3_035,legacy_compatibility,,local_legacy,RosettaStone,2,regression_suite_only
CS3_038,legacy_compatibility,,local_legacy,RosettaStone,2,regression_suite_only
Core_CS2_200,legacy_compatibility,,local_legacy,,0,regression_suite_only
DINO_130t,legacy_compatibility,,local_legacy,,0,regression_suite_only
DINO_132,legacy_compatibility,,local_legacy,,0,regression_suite_only
DINO_136t,legacy_compatibility,,local_legacy,,0,regression_suite_only
DINO_138,legacy_compatibility,,local_legacy,,0,regression_suite_only
DINO_400,legacy_compatibility,,local_legacy,,0,regression_suite_only
DINO_401,legacy_compatibility,,local_legacy,,0,regression_suite_only
DINO_404,legacy_compatibility,,local_legacy,,0,regression_suite_only
DINO_406,declarative,spell,official_text_and_engine_verified,,0,focused_test_and_regression
DINO_407,legacy_compatibility,,local_legacy,,0,regression_suite_only
DINO_409,legacy_compatibility,,local_legacy,,0,regression_suite_only
DINO_410,legacy_compatibility,,local_legacy,,0,regression_suite_only
DINO_410t,legacy_compatibility,,local_legacy,,0,regression_suite_only
DINO_410t2,legacy_compatibility,,local_legacy,,0,regression_suite_only
DINO_410t3,legacy_compatibility,,local_legacy,,0,regression_suite_only
DINO_410t4,legacy_compatibility,,local_legacy,,0,regression_suite_only
DINO_410t5,legacy_compatibility,,local_legacy,,0,regression_suite_only
DINO_413,legacy_compatibility,,local_legacy,,0,regression_suite_only
DINO_416,legacy_compatibility,,local_legacy,,0,regression_suite_only
DINO_431,declarative,deathrattle,powerlog_verified,,0,focused_test_and_regression
DINO_432,declarative,spell,powerlog_verified,,0,focused_test_and_regression
DREAM_01,legacy_compatibility,,local_legacy,RosettaStone,7,regression_suite_only
DREAM_02,declarative,spell,official_text,"RosettaStone,fireplace",8,focused_test_and_regression
DREAM_03,legacy_compatibility,,local_legacy,RosettaStone,7,regression_suite_only
DREAM_04,declarative,spell,official_text,"RosettaStone,fireplace",8,focused_test_and_regression
DREAM_05,declarative,spell,official_text,"RosettaStone,fireplace",14,focused_test_and_regression
EDR_000,declarative,battlecry,local_spec,,0,focused_test_and_regression
EDR_100t6,legacy_compatibility,,local_legacy,,0,regression_suite_only
EDR_100t6e,legacy_compatibility,,local_legacy,,0,regression_suite_only
EDR_102,legacy_compatibility,,local_legacy,,0,regression_suite_only
EDR_209t5,legacy_compatibility,,local_legacy,,0,regression_suite_only
EDR_226,declarative,battlecry,upstream_adapted,,0,focused_test_and_regression
EDR_231,declarative,spell,upstream_adapted,,0,focused_test_and_regression
EDR_233t2,legacy_compatibility,,local_legacy,,0,regression_suite_only
EDR_251,declarative,spell,upstream_adapted,,0,focused_test_and_regression
EDR_258,legacy_compatibility,,local_legacy,,0,regression_suite_only
EDR_260,declarative,deathrattle,local_spec,,0,focused_test_and_regression
EDR_260t,legacy_compatibility,,local_legacy,,0,regression_suite_only
EDR_270,declarative,spell,powerlog_verified,,0,focused_test_and_regression
EDR_271,declarative,after_play,powerlog_verified,,0,focused_test_and_regression
EDR_271t,declarative,deathrattle,official_text_and_powerlog_verified,,0,focused_test_and_regression
EDR_272,legacy_compatibility,,local_legacy,,0,regression_suite_only
EDR_416,declarative,after_hero_attack,powerlog_verified,,0,focused_test_and_regression
EDR_416t,legacy_compatibility,,local_legacy,,0,regression_suite_only
EDR_421,legacy_compatibility,,local_legacy,,0,regression_suite_only
EDR_449,declarative,battlecry,powerlog_verified,,0,focused_test_and_regression
EDR_449p,declarative,hero_power,official_text_and_powerlog_verified,,0,focused_test_and_regression
EDR_453,legacy_compatibility,,local_legacy,,0,regression_suite_only
EDR_456,legacy_compatibility,,local_legacy,,0,regression_suite_only
EDR_457,legacy_compatibility,,local_legacy,,0,regression_suite_only
EDR_457t,legacy_compatibility,,local_legacy,,0,regression_suite_only
EDR_459,declarative,"battlecry,deathrattle",local_spec,,0,focused_test_and_regression
EDR_463,declarative,spell,powerlog_verified,,0,focused_test_and_regression
EDR_463a,legacy_compatibility,,local_legacy,,0,regression_suite_only
EDR_463b,legacy_compatibility,,local_legacy,,0,regression_suite_only
EDR_465,legacy_compatibility,,local_legacy,,0,regression_suite_only
EDR_468,legacy_compatibility,,local_legacy,,0,regression_suite_only
EDR_469,legacy_compatibility,,local_legacy,,0,regression_suite_only
EDR_471,legacy_compatibility,,local_legacy,,0,regression_suite_only
EDR_476,declarative,spell,powerlog_verified,,0,focused_test_and_regression
EDR_480,legacy_compatibility,,local_legacy,,0,regression_suite_only
EDR_485,declarative,deathrattle,local_spec,,0,focused_test_and_regression
EDR_486,legacy_compatibility,,local_legacy,,0,regression_suite_only
EDR_492,declarative,battlecry,local_spec,,0,focused_test_and_regression
EDR_492t,legacy_compatibility,,local_legacy,,0,regression_suite_only
EDR_493,legacy_compatibility,,local_legacy,,0,regression_suite_only
EDR_521,legacy_compatibility,,local_legacy,,0,regression_suite_only
EDR_523t,legacy_compatibility,,local_legacy,,0,regression_suite_only
EDR_524,legacy_compatibility,,local_legacy,,0,regression_suite_only
EDR_529,legacy_compatibility,,local_legacy,,0,regression_suite_only
EDR_571,declarative,deathrattle,local_spec,,0,focused_test_and_regression
EDR_572,declarative,deathrattle,local_spec,,0,focused_test_and_regression
EDR_598,legacy_compatibility,,local_legacy,,0,regression_suite_only
EDR_780,legacy_compatibility,,local_legacy,,0,regression_suite_only
EDR_810,declarative,battlecry,local_spec,,0,focused_test_and_regression
EDR_810t,legacy_compatibility,,local_legacy,,0,regression_suite_only
EDR_813at,legacy_compatibility,,local_legacy,,0,regression_suite_only
EDR_814,declarative,spell,upstream_adapted,,0,focused_test_and_regression
EDR_816,legacy_compatibility,,local_legacy,,0,regression_suite_only
EDR_817,declarative,spell,upstream_adapted,,0,focused_test_and_regression
EDR_818,legacy_compatibility,,local_legacy,,0,regression_suite_only
EDR_843a,declarative,spell,upstream_adapted,,0,focused_test_and_regression
EDR_843b,declarative,spell,upstream_adapted,,0,focused_test_and_regression
EDR_843t1,declarative,spell,upstream_adapted,,0,focused_test_and_regression
EDR_844,legacy_compatibility,,local_legacy,,0,regression_suite_only
EDR_846,declarative,spell,official_text_and_powerlog_verified,,0,focused_test_and_regression
EDR_846t1,declarative,spell,official_text,,0,focused_test_and_regression
EDR_846t2,declarative,spell,powerlog_verified,,0,focused_test_and_regression
EDR_846t3,legacy_compatibility,,local_legacy,,0,regression_suite_only
EDR_846t4,declarative,spell,powerlog_verified,,0,focused_test_and_regression
EDR_846t5,legacy_compatibility,,local_legacy,,0,regression_suite_only
EDR_847pt2,legacy_compatibility,,local_legacy,,0,regression_suite_only
EDR_847pt3,legacy_compatibility,,local_legacy,,0,regression_suite_only
EDR_847pt4,legacy_compatibility,,local_legacy,,0,regression_suite_only
EDR_849,legacy_compatibility,,local_legacy,,0,regression_suite_only
EDR_850pe,legacy_compatibility,,local_legacy,,0,regression_suite_only
EDR_851t,legacy_compatibility,,local_legacy,,0,regression_suite_only
EDR_852,declarative,battlecry,official_text_and_engine_pattern,,0,focused_test_and_regression
EDR_856,legacy_compatibility,,local_legacy,,0,regression_suite_only
EDR_889,legacy_compatibility,,local_legacy,,0,regression_suite_only
EDR_891,legacy_compatibility,,local_legacy,,0,regression_suite_only
EDR_892,legacy_compatibility,,local_legacy,,0,regression_suite_only
EDR_970,declarative,battlecry,powerlog_verified,,0,focused_test_and_regression
EDR_971,legacy_compatibility,,local_legacy,,0,regression_suite_only
EDR_999,legacy_compatibility,,local_legacy,,0,regression_suite_only
END_004,declarative,battlecry,local_spec,,0,focused_test_and_regression
END_007,declarative,spell,powerlog_verified,,0,focused_test_and_regression
END_009t,legacy_compatibility,,local_legacy,,0,regression_suite_only
END_011,declarative,spell,powerlog_verified,,0,focused_test_and_regression
END_019,legacy_compatibility,,local_legacy,,0,regression_suite_only
END_021,declarative,battlecry,local_spec,,0,focused_test_and_regression
END_022,legacy_compatibility,,local_legacy,,0,regression_suite_only
END_024,declarative,spell,official_text_and_engine_verified,,0,focused_test_and_regression
END_025,declarative,spell,official_text_and_engine_verified,,0,focused_test_and_regression
END_030,legacy_compatibility,,local_legacy,,0,regression_suite_only
END_033,legacy_compatibility,,local_legacy,,0,regression_suite_only
END_034,legacy_compatibility,,local_legacy,,0,regression_suite_only
END_035,legacy_compatibility,,local_legacy,,0,regression_suite_only
EX1_014t,declarative,spell,upstream_adapted,"RosettaStone,fireplace",16,focused_test_and_regression
EX1_110t,legacy_compatibility,,local_legacy,"RosettaStone,fireplace",5,regression_suite_only
EX1_136,declarative,spell,upstream_adapted,"RosettaStone,fireplace",3,focused_test_and_regression
EX1_160t,legacy_compatibility,,local_legacy,"RosettaStone,fireplace",6,regression_suite_only
EX1_379,declarative,spell,upstream_adapted,"RosettaStone,fireplace",9,focused_test_and_regression
EX1_572,legacy_compatibility,,local_legacy,"RosettaStone,fireplace",5,regression_suite_only
EX1_594,declarative,spell,upstream_adapted,"RosettaStone,fireplace",3,focused_test_and_regression
EX1_609,declarative,spell,upstream_adapted,"RosettaStone,fireplace",3,focused_test_and_regression
FIR_901t,legacy_compatibility,,local_legacy,,0,regression_suite_only
FIR_906,declarative,spell,official_text_and_engine_verified,,0,focused_test_and_regression
FIR_907,legacy_compatibility,,local_legacy,,0,regression_suite_only
FIR_908,legacy_compatibility,,local_legacy,,0,regression_suite_only
FIR_909,declarative,spell,official_text_and_engine_verified,,0,focused_test_and_regression
FIR_910,declarative,spell,official_text_and_engine_verified,,0,focused_test_and_regression
FIR_919,legacy_compatibility,,local_legacy,,0,regression_suite_only
FIR_923,declarative,spell,official_text_and_engine_verified,,0,focused_test_and_regression
FIR_924,legacy_compatibility,,local_legacy,,0,regression_suite_only
FIR_928,legacy_compatibility,,local_legacy,,0,regression_suite_only
FIR_939,legacy_compatibility,,local_legacy,,0,regression_suite_only
FIR_941,declarative,spell,official_text_and_engine_verified,,0,focused_test_and_regression
FIR_951,legacy_compatibility,,local_legacy,,0,regression_suite_only
FIR_953,legacy_compatibility,,local_legacy,,0,regression_suite_only
FIR_954,declarative,spell,official_text_and_engine_verified,,0,focused_test_and_regression
FIR_956,legacy_compatibility,,local_legacy,,0,regression_suite_only
FIR_958,legacy_compatibility,,local_legacy,,0,regression_suite_only
FIR_959,legacy_compatibility,,local_legacy,,0,regression_suite_only
FP1_018,declarative,spell,upstream_adapted,"RosettaStone,fireplace",3,focused_test_and_regression
GAME_005,declarative,spell,upstream_adapted,"RosettaStone,fireplace",15,focused_test_and_regression
JAIL_007,declarative,deathrattle,local_spec,,0,focused_test_and_regression
JAIL_029,legacy_compatibility,,local_legacy,,0,regression_suite_only
JAIL_200,legacy_compatibility,,local_legacy,,0,regression_suite_only
JAIL_201,declarative,spell,powerlog_verified,,0,focused_test_and_regression
JAIL_202,legacy_compatibility,,local_legacy,,0,regression_suite_only
JAIL_206,declarative,spell,upstream_adapted,,0,focused_test_and_regression
JAIL_307,declarative,spell,official_text_and_engine_verified,,0,focused_test_and_regression
JAIL_311,legacy_compatibility,,local_legacy,,0,regression_suite_only
JAIL_377,declarative,spell,upstream_adapted,,0,focused_test_and_regression
JAIL_384,legacy_compatibility,,local_legacy,,0,regression_suite_only
JAIL_398,declarative,deathrattle,local_spec,,0,focused_test_and_regression
JAIL_399,declarative,deathrattle,local_spec,,0,focused_test_and_regression
JAIL_399t1,legacy_compatibility,,local_legacy,,0,regression_suite_only
JAIL_421,legacy_compatibility,,local_legacy,,0,regression_suite_only
JAIL_430,legacy_compatibility,,local_legacy,,0,regression_suite_only
JAIL_432,declarative,battlecry,powerlog_verified,,0,focused_test_and_regression
JAIL_433,declarative,spell,powerlog_verified,,0,focused_test_and_regression
JAIL_435,legacy_compatibility,,local_legacy,,0,regression_suite_only
JAIL_441,declarative,spell,upstream_adapted,,0,focused_test_and_regression
JAIL_442,legacy_compatibility,,local_legacy,,0,regression_suite_only
JAIL_452,legacy_compatibility,,local_legacy,,0,regression_suite_only
JAIL_454t,legacy_compatibility,,local_legacy,,0,regression_suite_only
JAIL_455,legacy_compatibility,,local_legacy,,0,regression_suite_only
JAIL_456,legacy_compatibility,,local_legacy,,0,regression_suite_only
JAIL_457,declarative,battlecry,local_spec,,0,focused_test_and_regression
JAIL_459,legacy_compatibility,,local_legacy,,0,regression_suite_only
JAIL_500e,legacy_compatibility,,local_legacy,,0,regression_suite_only
JAIL_501,legacy_compatibility,,local_legacy,,0,regression_suite_only
JAIL_502,legacy_compatibility,,local_legacy,,0,regression_suite_only
JAIL_504tt01,legacy_compatibility,,local_legacy,,0,regression_suite_only
JAIL_504tt04,legacy_compatibility,,local_legacy,,0,regression_suite_only
JAIL_504tt07,legacy_compatibility,,local_legacy,,0,regression_suite_only
JAIL_504tt20,legacy_compatibility,,local_legacy,,0,regression_suite_only
JAIL_509,legacy_compatibility,,local_legacy,,0,regression_suite_only
JAIL_510,declarative,spell,powerlog_verified,,0,focused_test_and_regression
JAIL_511,declarative,location,powerlog_verified,,0,focused_test_and_regression
JAIL_511t,legacy_compatibility,,local_legacy,,0,regression_suite_only
JAIL_513,declarative,battlecry,powerlog_verified,,0,focused_test_and_regression
JAIL_514,declarative,spell,powerlog_verified,,0,focused_test_and_regression
JAIL_516e,legacy_compatibility,,local_legacy,,0,regression_suite_only
JAIL_703,legacy_compatibility,,local_legacy,,0,regression_suite_only
JAIL_732,legacy_compatibility,,local_legacy,,0,regression_suite_only
JAIL_801,declarative,spell,official_text_and_engine_verified,,0,focused_test_and_regression
JAIL_801t,declarative,battlecry,official_text_and_engine_verified,,0,focused_test_and_regression
JAIL_850,legacy_compatibility,,local_legacy,,0,regression_suite_only
JAIL_852,legacy_compatibility,,local_legacy,,0,regression_suite_only
JAIL_866,declarative,spell,upstream_adapted,,0,focused_test_and_regression
JAIL_872,declarative,after_hero_attack,powerlog_verified,,0,focused_test_and_regression
JAIL_875,declarative,after_hero_attack,powerlog_verified,,0,focused_test_and_regression
JAIL_880,legacy_compatibility,,local_legacy,,0,regression_suite_only
JAIL_882,declarative,deathrattle,local_spec,,0,focused_test_and_regression
JAIL_887t3,legacy_compatibility,,local_legacy,,0,regression_suite_only
JAIL_890,legacy_compatibility,,local_legacy,,0,regression_suite_only
JAIL_891,declarative,spell,upstream_adapted,,0,focused_test_and_regression
JAIL_906,legacy_compatibility,,local_legacy,,0,regression_suite_only
JAIL_912,declarative,deathrattle,powerlog_verified,,0,focused_test_and_regression
JAIL_941,declarative,spell,powerlog_verified,,0,focused_test_and_regression
JAIL_941t,declarative,spell,powerlog_verified,,0,focused_test_and_regression
JAIL_942,legacy_compatibility,,local_legacy,,0,regression_suite_only
JAIL_COIN1,declarative,spell,powerlog_verified,,0,focused_test_and_regression
JAIL_EVENT_100t,legacy_compatibility,,local_legacy,,0,regression_suite_only
MEND_040,legacy_compatibility,,local_legacy,,0,regression_suite_only
MEND_042,declarative,spell,powerlog_verified,,0,focused_test_and_regression
MEND_043,declarative,spell,upstream_adapted,,0,focused_test_and_regression
MEND_044e3,legacy_compatibility,,local_legacy,,0,regression_suite_only
NEW_4183_Copy,legacy_compatibility,,local_legacy,,0,regression_suite_only
RLK_024,declarative,spell,upstream_adapted,,0,focused_test_and_regression
RLK_025,declarative,spell,upstream_adapted,,0,focused_test_and_regression
RLK_063t,legacy_compatibility,,local_legacy,,0,regression_suite_only
RLK_067,legacy_compatibility,,local_legacy,,0,regression_suite_only
RLK_077t,legacy_compatibility,,local_legacy,,0,regression_suite_only
RLK_503,legacy_compatibility,,local_legacy,,0,regression_suite_only
RLK_511,declarative,deathrattle,upstream_adapted,,0,focused_test_and_regression
RLK_705t,legacy_compatibility,,local_legacy,,0,regression_suite_only
RLK_708,declarative,"battlecry,deathrattle",local_spec,,0,focused_test_and_regression
RLK_709,declarative,spell,upstream_adapted,,0,focused_test_and_regression
RLK_958,legacy_compatibility,,local_legacy,,0,regression_suite_only
RLK_Prologue_RLK_705t,legacy_compatibility,,local_legacy,,0,regression_suite_only
SW_108t,declarative,spell,upstream_adapted,RosettaStone,3,focused_test_and_regression
Story_09_Imp,legacy_compatibility,,local_legacy,,0,regression_suite_only
Story_09_StormwatcherPuzzle,legacy_compatibility,,local_legacy,,0,regression_suite_only
TIME_001,legacy_compatibility,,local_legacy,,0,regression_suite_only
TIME_003,legacy_compatibility,,local_legacy,,0,regression_suite_only
TIME_004,legacy_compatibility,,local_legacy,,0,regression_suite_only
TIME_005t9t,legacy_compatibility,,local_legacy,,0,regression_suite_only
TIME_006t1,legacy_compatibility,,local_legacy,,0,regression_suite_only
TIME_008,legacy_compatibility,,local_legacy,,0,regression_suite_only
TIME_015,declarative,battlecry,local_spec,,0,focused_test_and_regression
TIME_017,legacy_compatibility,,local_legacy,,0,regression_suite_only
TIME_023,declarative,spell,upstream_adapted,,0,focused_test_and_regression
TIME_024,declarative,battlecry,local_spec,,0,focused_test_and_regression
TIME_034,legacy_compatibility,,local_legacy,,0,regression_suite_only
TIME_043,legacy_compatibility,,local_legacy,,0,regression_suite_only
TIME_045,legacy_compatibility,,local_legacy,,0,regression_suite_only
TIME_046,legacy_compatibility,,local_legacy,,0,regression_suite_only
TIME_048,legacy_compatibility,,local_legacy,,0,regression_suite_only
TIME_051,declarative,battlecry,local_spec,,0,focused_test_and_regression
TIME_053,legacy_compatibility,,local_legacy,,0,regression_suite_only
TIME_054,legacy_compatibility,,local_legacy,,0,regression_suite_only
TIME_056,legacy_compatibility,,local_legacy,,0,regression_suite_only
TIME_060,legacy_compatibility,,local_legacy,,0,regression_suite_only
TIME_063,legacy_compatibility,,local_legacy,,0,regression_suite_only
TIME_101,declarative,shatter,upstream_adapted,,0,focused_test_and_regression
TIME_218,declarative,spell,upstream_adapted,,0,focused_test_and_regression
TIME_432,declarative,spell,powerlog_verified,,0,focused_test_and_regression
TIME_433,legacy_compatibility,,local_legacy,,0,regression_suite_only
TIME_434t,legacy_compatibility,,local_legacy,,0,regression_suite_only
TIME_441,legacy_compatibility,,local_legacy,,0,regression_suite_only
TIME_443t,legacy_compatibility,,local_legacy,,0,regression_suite_only
TIME_443t2,legacy_compatibility,,local_legacy,,0,regression_suite_only
TIME_603,legacy_compatibility,,local_legacy,,0,regression_suite_only
TIME_606,legacy_compatibility,,local_legacy,,0,regression_suite_only
TIME_610,legacy_compatibility,,local_legacy,,0,regression_suite_only
TIME_610t2,legacy_compatibility,,local_legacy,,0,regression_suite_only
TIME_700t,legacy_compatibility,,local_legacy,,0,regression_suite_only
TIME_701,declarative,spell,powerlog_verified,,0,focused_test_and_regression
TIME_702,declarative,spell,powerlog_verified,,0,focused_test_and_regression
TIME_713,declarative,battlecry,local_spec,,0,focused_test_and_regression
TIME_713t,legacy_compatibility,,local_legacy,,0,regression_suite_only
TIME_714,legacy_compatibility,,local_legacy,,0,regression_suite_only
TIME_720,declarative,battlecry,local_spec,,0,focused_test_and_regression
TIME_770,declarative,spell,upstream_adapted,,0,focused_test_and_regression
TIME_852,legacy_compatibility,,local_legacy,,0,regression_suite_only
TIME_861e2,legacy_compatibility,,local_legacy,,0,regression_suite_only
TIME_870t,legacy_compatibility,,local_legacy,,0,regression_suite_only
TIME_871,legacy_compatibility,,local_legacy,,0,regression_suite_only
TIME_873t,legacy_compatibility,,local_legacy,,0,regression_suite_only
TIME_876,legacy_compatibility,,local_legacy,,0,regression_suite_only
TIME_890,declarative,battlecry,official_text_and_powerlog_verified,,0,focused_test_and_regression
TIME_890t,legacy_special_case,,official_text_and_powerlog_verified,,0,focused_test_and_regression
TIME_890t2,declarative,location,official_text,,0,focused_test_and_regression
TLC_101t,legacy_compatibility,,local_legacy,,0,regression_suite_only
TLC_102,legacy_compatibility,,local_legacy,,0,regression_suite_only
TLC_110,legacy_compatibility,,local_legacy,,0,regression_suite_only
TLC_221,declarative,spell,official_text_and_engine_verified,,0,focused_test_and_regression
TLC_222,declarative,spell,official_text_and_engine_verified,,0,focused_test_and_regression
TLC_223,legacy_compatibility,,local_legacy,,0,regression_suite_only
TLC_224,legacy_compatibility,,local_legacy,,0,regression_suite_only
TLC_225,declarative,deathrattle,local_spec,,0,focused_test_and_regression
TLC_227,declarative,spell,official_text_and_engine_verified,,0,focused_test_and_regression
TLC_228,legacy_compatibility,,local_legacy,,0,regression_suite_only
TLC_230t,legacy_compatibility,,local_legacy,,0,regression_suite_only
TLC_231,declarative,spell,upstream_adapted,,0,focused_test_and_regression
TLC_235,declarative,spell,upstream_adapted,,0,focused_test_and_regression
TLC_236,declarative,spell,upstream_adapted,,0,focused_test_and_regression
TLC_237t,legacy_compatibility,,local_legacy,,0,regression_suite_only
TLC_240,legacy_compatibility,,local_legacy,,0,regression_suite_only
TLC_240t,legacy_compatibility,,local_legacy,,0,regression_suite_only
TLC_240t2,legacy_compatibility,,local_legacy,,0,regression_suite_only
TLC_240t3,legacy_compatibility,,local_legacy,,0,regression_suite_only
TLC_241,legacy_compatibility,,local_legacy,,0,regression_suite_only
TLC_241t,legacy_compatibility,,local_legacy,,0,regression_suite_only
TLC_243,legacy_compatibility,,local_legacy,,0,regression_suite_only
TLC_248,legacy_compatibility,,local_legacy,,0,regression_suite_only
TLC_249,legacy_compatibility,,local_legacy,,0,regression_suite_only
TLC_401,legacy_compatibility,,local_legacy,,0,regression_suite_only
TLC_429t,legacy_compatibility,,local_legacy,,0,regression_suite_only
TLC_432,legacy_compatibility,,local_legacy,,0,regression_suite_only
TLC_436,legacy_compatibility,,local_legacy,,0,regression_suite_only
TLC_443t,legacy_compatibility,,local_legacy,,0,regression_suite_only
TLC_446e,legacy_compatibility,,local_legacy,,0,regression_suite_only
TLC_446t2,legacy_compatibility,,local_legacy,,0,regression_suite_only
TLC_446t3,legacy_compatibility,,local_legacy,,0,regression_suite_only
TLC_446t4,legacy_compatibility,,local_legacy,,0,regression_suite_only
TLC_451,declarative,spell,powerlog_verified,,0,focused_test_and_regression
TLC_461,legacy_compatibility,,local_legacy,,0,regression_suite_only
TLC_463,legacy_compatibility,,local_legacy,,0,regression_suite_only
TLC_468t1,legacy_compatibility,,local_legacy,,0,regression_suite_only
TLC_468t2,legacy_compatibility,,local_legacy,,0,regression_suite_only
TLC_480,legacy_compatibility,,local_legacy,,0,regression_suite_only
TLC_482,legacy_compatibility,,local_legacy,,0,regression_suite_only
TLC_513t2,legacy_compatibility,,local_legacy,,0,regression_suite_only
TLC_514,legacy_compatibility,,local_legacy,,0,regression_suite_only
TLC_519t,legacy_compatibility,,local_legacy,,0,regression_suite_only
TLC_600,declarative,battlecry,local_spec,,0,focused_test_and_regression
TLC_603,legacy_compatibility,,local_legacy,,0,regression_suite_only
TLC_606,legacy_compatibility,,local_legacy,,0,regression_suite_only
TLC_623,legacy_compatibility,,local_legacy,,0,regression_suite_only
TLC_624,legacy_compatibility,,local_legacy,,0,regression_suite_only
TLC_631e,legacy_compatibility,,local_legacy,,0,regression_suite_only
TLC_632,declarative,spell,official_text_and_engine_verified,,0,focused_test_and_regression
TLC_632t,declarative,hero_power,official_text_and_engine_verified,,0,focused_test_and_regression
TLC_632t2,declarative,hero_power,official_text_and_engine_verified,,0,focused_test_and_regression
TLC_813,legacy_compatibility,,local_legacy,,0,regression_suite_only
TLC_820,declarative,deathrattle,local_spec,,0,focused_test_and_regression
TLC_823,declarative,spell,upstream_adapted,,0,focused_test_and_regression
TLC_831t,legacy_compatibility,,local_legacy,,0,regression_suite_only
TLC_888,legacy_compatibility,,local_legacy,,0,regression_suite_only
TLC_903t,legacy_compatibility,,local_legacy,,0,regression_suite_only
TLC_COIN1,declarative,spell,powerlog_verified,,0,focused_test_and_regression
TTN_081t,legacy_compatibility,,local_legacy,,0,regression_suite_only
TTN_710,legacy_compatibility,,local_legacy,,0,regression_suite_only
TTN_727t,legacy_compatibility,,local_legacy,,0,regression_suite_only
TTN_801t1,legacy_compatibility,,local_legacy,,0,regression_suite_only
TTN_812t,legacy_compatibility,,local_legacy,,0,regression_suite_only
TTN_950t,legacy_compatibility,,local_legacy,,0,regression_suite_only
TTN_950t2,legacy_compatibility,,local_legacy,,0,regression_suite_only
TTN_960t5,legacy_compatibility,,local_legacy,,0,regression_suite_only
TTN_960t6,legacy_compatibility,,local_legacy,,0,regression_suite_only
YOD_012,declarative,spell,upstream_adapted,"RosettaStone,fireplace",4,focused_test_and_regression
YOD_012ts,declarative,spell,upstream_adapted,"RosettaStone,fireplace",3,focused_test_and_regression
YOG_506t,legacy_compatibility,,local_legacy,,0,regression_suite_only
hexfrog,legacy_compatibility,,local_legacy,"RosettaStone,fireplace",7,regression_suite_only
